<?xml version="1.0" encoding="UTF-8"?>
<beans xmlns="http://www.springframework.org/schema/beans"
       xmlns:xsi="http://www.w3.org/2001/XMLSchema-instance"
       xsi:schemaLocation="
       http://www.springframework.org/schema/beans
       http://www.springframework.org/schema/beans/spring-beans.xsd">

    <!-- Account beans -->
    <bean id="account" class=
    "com.mycom.springcore.constructorinjection.Account">
        <constructor-arg value="ACC12345"/>
        <constructor-arg value="500000"/>
    </bean>

    <bean id="account2" class=
    "com.mycom.springcore.constructorinjection.Account">
        <constructor-arg value="ACC12346"/>
        <constructor-arg value="750000"/>
    </bean>

    <!-- Customer beans with constructor injection -->
    <bean id="customer" class=
    "com.mycom.springcore.constructorinjection.Customer">
        <constructor-arg ref="account"/>
    </bean>

    <bean id="customer2" class=
    "com.mycom.springcore.constructorinjection.Customer">
        <constructor-arg ref="account2"/>
    </bean>

</beans>
